"user_id","user_first_name","user_last_name","user_email","user_password","user_mobile_number","user_membership_status"
101519,"Quinton","Maw","qmawev@last.fm","aS9'p_pjSF@GL","(480) 3165600","Prime"
102346,"Tomlin","Renhard","trenhardhk@cargocollective.com","cA7<L|ao$~~8oAxH","(214) 1107289","Prime"
102886,"Lesley","Llewelly","lllewellyao@auda.org.au","aL1}XdCV8","(224) 1487240","Prime"
103145,"Clemmy","Ost","cost81@arstechnica.com","sO3>k2UQW?)","(617) 9635613","Prime"
103268,"Mick","Overlow","moverlow1b@abc.net.au","sY1\rhNTJ","(602) 1656671","Prime"
103677,"Consalve","Kleinzweig","ckleinzweigm0@webmd.com","xN8?!)""dGUng","(513) 7787229","Prime"
103798,"Melisandra","Raison","mraison1n@washington.edu","lJ1`<mxU6","(323) 7228881","Prime"
103932,"Merry","Diperaus","mdiperausck@cdc.gov","aK9.g`06jO""6`'","(503) 8376660","Prime"
104387,"Yardley","Cureton","ycuretonhd@sitemeter.com","tH5""M`R*0E","(240) 5334714","Prime"
104506,"Allan","Sandiford","asandiforddk@live.com","aH6+bCn2ie","(501) 3948849","Not Prime"
105066,"Aurie","Stembridge","astembridgeqx@4shared.com","qM2\/m<wf&nZU5v8","(704) 6778294","Prime"
106206,"Raymund","Delacourt","rdelacourtil@microsoft.com","vH0,#YO~buzLJ~GG","(916) 7695923","Not Prime"
106956,"Ramonda","Rainbow","rrainbowp1@addtoany.com","bY5(&YA+7$""6**","(781) 2338393","Prime"
107902,"Catherine","Phythien","cphythienb9@chron.com","yY0{%jmwU+<Z!hRG","(915) 4297603","Prime"
108433,"Lorrie","Climer","lclimereh@cdc.gov","zL4~?4&~\(Ue","(312) 5885738","Not Prime"
108559,"Joyous","Harnott","jharnott1x@fc2.com","iD7*ZnjP","(602) 5360396","Prime"
109182,"Carling","McInility","cmcinilityps@netvibes.com","qF3'7?V1XT|t~@)U","(229) 3846126","Prime"
109283,"Beatrice","Antognazzi","bantognazziq9@bigcartel.com","iL3`u4""(""%y&}","(405) 7586255","Prime"
109663,"Lancelot","Filipychev","lfilipychevcj@army.mil","iC2'zPZ.5+I$","(425) 1293049","Prime"
109692,"Julia","Kummerlowe","jkummerlowefh@pcworld.com","fI6&W,gJlB9!","(714) 3481159","Prime"
113013,"Agnola","Bramsen","abramsen55@furl.net","bY7\xFz0c","(518) 4098554","Prime"
114434,"Lona","Risby","lrisbyop@xrea.com","iO9`9gunHG{d9m","(303) 6286927","Prime"
115079,"Wiatt","Baudoux","wbaudoux7q@privacy.gov.au","dH3%o#AY","(561) 3141957","Prime"
116898,"Stanford","Jeary","sjearyog@scientificamerican.com","oT6'i1P1OV/HF?","(915) 9285826","Not Prime"
117375,"Cozmo","Woolforde","cwoolfordefa@github.com","pV8~PBG0","(714) 2806558","Prime"
117743,"Johnath","Rogerot","jrogerotj4@etsy.com","aM6({3?T>J","(330) 3857486","Prime"
117949,"Robbie","Crysell","rcrysell6b@csmonitor.com","vY0'n0OW%hx","(305) 9544442","Prime"
119430,"Sloan","Hainsworth","shainsworth1i@joomla.org","gA5{LOt\y""c","(505) 2567332","Prime"
119991,"Montgomery","Maffulli","mmaffullik2@about.com","oK1\q`L##pc&","(405) 8847174","Not Prime"
120854,"Ollie","Scafe","oscafek6@google.nl","lR9""mI.c","(805) 8071720","Prime"
121459,"Archy","Wessell","awessellho@unc.edu","uM3||yhK.Fg","(912) 9716564","Not Prime"
122188,"Anastassia","Comini","acominidy@auda.org.au","oT8$E=*+t{","(304) 1849919","Not Prime"
122746,"Maddalena","Nerne","mnernejo@newyorker.com","uQ9,Di\QBwJ`","(214) 6532991","Not Prime"
122749,"Adele","Works","aworksc5@google.pl","jL0=qT2{|pp","(209) 6312132","Not Prime"
123641,"Marmaduke","Northedge","mnorthedge1r@tmall.com","uT3.pX,g3!>0","(203) 6167647","Prime"
125402,"Flss","Jollie","fjollie9p@abc.net.au","eC4&+d9m","(843) 7525024","Not Prime"
125564,"Joachim","Botly","jbotly48@jalbum.net","rA3~_{cRbs~=n}","(937) 8437912","Prime"
127091,"Wilmar","Crottagh","wcrottaghfo@imdb.com","uC9$R2v6`=wtXg/","(813) 5703479","Prime"
127163,"Erika","Gilleson","egilleson59@businesswire.com","dW9.bwX1E","(402) 4138590","Prime"
128972,"Saunderson","Hatry","shatryi2@wikipedia.org","sU6_<gAy","(214) 9258034","Not Prime"
129490,"Calvin","Joyce","cjoyceon@fastcompany.com","jN7{BDypGWY*ri","(303) 9589060","Not Prime"
129618,"Lenee","Waterfield","lwaterfield68@blinklist.com","mS2\jt@Si03{WC","(309) 4856002","Prime"
130571,"Gearalt","Pickless","gpickless5e@yale.edu","uM7$""#&@9abCP","(559) 8118622","Not Prime"
133094,"Marcela","Soughton","msoughtong1@constantcontact.com","gD2||H7b","(520) 4757044","Prime"
134693,"Dorris","Dayes","ddayesan@nbcnews.com","gI9(qIzXh'","(865) 8096804","Prime"
137037,"Napoleon","Harken","nharkenc8@fda.gov","sM1}(sB.'1p}&","(504) 2557497","Not Prime"
137715,"Johnathon","Colwell","jcolwelln5@paypal.com","cX8)9.(SP2s","(661) 4187519","Prime"
137968,"Lesya","Shaxby","lshaxbyw@yolasite.com","aU8*WsVan","(626) 6025009","Prime"
138947,"Hilliary","Clendennen","hclendennenqo@lulu.com","eD3'zlE{s+ENU","(616) 8348506","Prime"
140294,"Henrietta","Christou","hchristoupg@hatena.ne.jp","iA6+V?FAaqHoWJS","(847) 8984303","Prime"
141029,"Franciskus","Lewington","flewingtonrb@deliciousdays.com","zN8=1KNx7","(412) 7304201","Prime"
141408,"Pandora","Shotton","pshotton2u@china.com.cn","hB2_lWLpW`{$o)m","(804) 3763947","Not Prime"
142521,"Elberta","Watling","ewatling5f@pagesperso-orange.fr","oY5_h""ek`6","(312) 2622898","Prime"
143462,"Alejandro","Crowder","acrowdero3@zimbio.com","zV1=OB,$r","(804) 7743050","Prime"
146322,"Ulrike","Adamoli","uadamolimy@npr.org","rG6\M*=2","(720) 1083714","Prime"
146645,"Bekki","O'Ruane","boruanepq@yellowbook.com","xK5$R}<9?=3G{(","(918) 2156128","Prime"
146887,"Orbadiah","Yegorchenkov","oyegorchenkovk8@usa.gov","tJ6(O#4bsw|t6L%","(763) 4087714","Prime"
147025,"Rheba","Brigginshaw","rbrigginshaweo@chronoengine.com","bI8)TVxYO'VH$>~N","(979) 5416833","Prime"
147578,"Jared","Stennings","jstennings20@cam.ac.uk","vR2'R9a4o","(804) 6470429","Prime"
148073,"Marna","Fraczkiewicz","mfraczkiewiczas@ehow.com","mR3@UK|""r!!","(937) 2541900","Prime"
148364,"Etta","Drillingcourt","edrillingcourt8v@squarespace.com","jP2""O(%9m#/54}","(314) 1228205","Not Prime"
148579,"Charmine","Gumery","cgumerypu@nasa.gov","kH0/Ty$rV6|jU","(719) 2247298","Not Prime"
149193,"Tiffi","Gerriessen","tgerriessen7x@bing.com","vE5#)H/p+|D%mN""m","(214) 9144410","Not Prime"
149321,"Frankie","Imeson","fimesonbv@360.cn","cW6?n4|6Q(a8Tb\","(520) 5239350","Not Prime"
149900,"Wendel","Culy","wculykx@mlb.com","cP8!Gy?j?ps_c""","(757) 3185610","Prime"
150000,"Edy","Caudrey","ecaudreym3@addthis.com","eC2%pi0zlsB","(303) 4949355","Prime"
150530,"Breanne","Voase","bvoasegk@unesco.org","lQ1~`L<zkK*","(401) 1536263","Prime"
150612,"Zonda","Cromleholme","zcromleholmez@mozilla.org","gU1&a}?\pgVB!W","(202) 1779561","Prime"
151648,"Suzanne","Tute","stutek1@prlog.org","nP8?/tJ,","(202) 7196792","Prime"
152334,"Millicent","Blint","mblintjz@diigo.com","rZ4.7aIMjU7=I","(559) 2862287","Not Prime"
153187,"Eugine","Chasier","echasierk0@vinaora.com","sY9&)4w&OJ{","(219) 3116087","Prime"
155685,"Berne","Ciraldo","bciraldoeu@tripadvisor.com","vG8!t!)TNr\","(540) 3583338","Prime"
157179,"Rae","Byford","rbyford9r@nature.com","mT7@ATn+Gj","(602) 6167435","Prime"
157980,"Johny","Rodger","jrodgerlu@geocities.com","xF8.<nWvFR{","(682) 7458537","Not Prime"
158373,"Ralf","Brame","rbramecl@techcrunch.com","kU4?pvOP))hvNZNv","(206) 9932060","Prime"
158619,"Wilone","Burwell","wburwellr8@dagondesign.com","wB2&5hzR%)T","(503) 4091805","Not Prime"
159236,"Care","Volker","cvolkerpw@amazon.co.jp","vW8.CW#E.y@","(610) 7026730","Prime"
159431,"Marven","Chitty","mchittyln@github.io","zA6/gOag/\L)>!","(651) 3042059","Not Prime"
160492,"Borg","Cockran","bcockranfj@hp.com","yB1=B.rmlf","(401) 8079840","Prime"
161966,"Adelina","Alman","aalman9a@sciencedirect.com","tF4&+sO*@X'(DQmD","(530) 3213128","Prime"
162958,"Noach","Garvey","ngarvey3p@skyrock.com","qC6\m7$Zks3Ue{","(704) 1477662","Prime"
167352,"Lethia","Havick","lhavickh1@craigslist.org","zJ9@x?cO6","(251) 8460084","Prime"
167852,"Miguela","Krolle","mkrollecz@google.fr","xN9%Pv\5?,SL7eOv","(302) 8120308","Prime"
168445,"Rivalee","Coatts","rcoatts7h@army.mil","hZ4/(jwL&Qh/QJ?","(312) 6935224","Not Prime"
168677,"Herculie","Martinetto","hmartinettol7@clickbank.net","tP2_y3<t42N","(202) 5844905","Not Prime"
169785,"Yorke","Marzelo","ymarzelo3f@51.la","xR9{\@/WDv91R","(202) 8834767","Prime"
169986,"Tresa","Alvares","talvareska@msn.com","gD2$~8IsiaT","(614) 8724699","Not Prime"
171638,"Glenda","Costell","gcostellgc@mit.edu","aS3'XERdfYG7?\id","(206) 4627370","Prime"
172200,"Rafaellle","Crowe","rcrowequ@vkontakte.ru","dM9!G6'2y`","(316) 5486434","Not Prime"
173715,"Ambros","Sprulls","asprullsjm@indiatimes.com","aS1#0y1wr7'+|","(336) 4761731","Prime"
174158,"Lyndy","Elleray","lelleraylm@arizona.edu","uB0`q%PQd({","(330) 7536638","Prime"
174681,"Freda","Showen","fshowen5g@ucla.edu","yH6)A06ph3H","(937) 5611704","Not Prime"
174950,"Jehu","Schwanden","jschwandenqe@mac.com","zG4~}0Qq|%","(513) 3188455","Prime"
175486,"Meredeth","Kynnd","mkynnd11@nsw.gov.au","wK2}Q*V(b","(202) 5172494","Prime"
176965,"Julissa","Horley","jhorley5@sogou.com","cS4>C~\R0Bl,5wZ>","(760) 7565115","Prime"
177929,"Marcello","Varvell","mvarvellnz@forbes.com","oW4|gh+ThD_h`0U","(702) 1351553","Prime"
177965,"Reena","Frangione","rfrangioneau@toplist.cz","aR7_t?`LC""7","(305) 6911023","Prime"
179377,"Pierette","Buxsy","pbuxsyii@artisteer.com","bY6$d@FP","(323) 2661783","Not Prime"
179792,"Baudoin","Brunelleschi","bbrunelleschild@histats.com","xN2\6HJA","(323) 6176244","Prime"
181275,"Arley","Seamon","aseamonj0@themeforest.net","kN3#69z|T0.rI","(812) 1621267","Prime"
181319,"Rodolphe","Claydon","rclaydon9n@ucla.edu","qR6,naJ(","(402) 4556545","Prime"
181516,"Benedict","Shoubridge","bshoubridgenf@imgur.com","nU3`lqVHD","(907) 6179909","Not Prime"
181540,"Clea","Putson","cputsonaj@comcast.net","uT7>Td3PRk8`","(336) 5094137","Prime"
182822,"Felita","Daulby","fdaulbynb@webnode.com","gA1""G*k=*`yJ&","(229) 1681685","Prime"
184071,"Elliott","Hancill","ehancillcq@paginegialle.it","aG9.sh|LiG0bjC","(214) 4782191","Prime"
184660,"Maurene","Swains","mswains62@mlb.com","eI7""*`)Z'f4nI89j","(402) 3067508","Prime"
184736,"Amabel","Gudgin","agudgindn@webeden.co.uk","eE0~Wk?.U5*J`","(408) 8318104","Not Prime"
185373,"Noell","De Bernardis","ndebernardisp7@ning.com","vZ4~J""2cRT{`","(661) 9354962","Prime"
186876,"Pascal","Kose","pkoseis@unesco.org","xZ9#W6vzS}?v*l4K","(828) 9393772","Prime"
187127,"Jojo","Wilne","jwilne1t@rakuten.co.jp","nT3'fE@Nu(dMW~""T","(317) 1456382","Not Prime"
188735,"Jacquie","Wilsone","jwilsoneic@free.fr","lO9?._A#}","(949) 3126667","Prime"
190134,"Karee","Guppey","kguppeykq@google.fr","pM3.,w49","(501) 5718555","Not Prime"
190314,"Ira","Tomowicz","itomowiczde@github.io","iE6)~3EjUU/_4r5""","(912) 7004473","Not Prime"
190414,"Latrina","Creany","lcreanyme@senate.gov","cP0.yBdvlEGsy&i","(843) 7116708","Not Prime"
190842,"Olly","Puller","opullerol@marriott.com","eJ1~cFSA?FmC6+","(239) 1985955","Prime"
191078,"Eloisa","Venner","evennerll@blogger.com","wU6%tel}z#D`<","(414) 9055614","Not Prime"
193648,"Mar","Hearle","mhearlen9@howstuffworks.com","xZ6'+\'BXCH`1HBB","(612) 8131441","Prime"
195400,"Beatriz","Tack","btack50@weather.com","yY9.SZwd""","(215) 5841975","Prime"
196721,"Chere","Sedgefield","csedgefield1a@odnoklassniki.ru","uO1}bs##uNq>QUt3","(404) 8416153","Prime"
196852,"Ajay","McNaughton","amcnaughtonq5@thetimes.co.uk","pS5.zZL=","(913) 6696997","Prime"
199452,"Alvie","Jodrellec","ajodrellecj7@independent.co.uk","bS2&'`2Znn{2|',k","(608) 3826121","Not Prime"
200481,"Paulo","Jillitt","pjillittgo@adobe.com","bL3""6sEz","(386) 6194101","Prime"
201199,"Ricard","Mayhead","rmayheadlc@ovh.net","bL0+(=|GJ","(515) 6051953","Prime"
202192,"Tori","Belfit","tbelfita7@youku.com","iB6~kbg+","(419) 7170774","Not Prime"
202872,"Fee","Tomei","ftomeiqb@noaa.gov","gJ6{=4R19%Ihn","(404) 1690465","Prime"
203513,"Derrik","Southernwood","dsouthernwood1o@addthis.com","cF1""""&oJKP\Ys","(347) 5900206","Not Prime"
204452,"Dominique","Royston","droystonk5@mapquest.com","jZ4{Cipa","(860) 8716784","Prime"
205809,"Elvira","Queripel","equeripela5@networkadvertising.org","bI6*i~J7BI","(304) 8708270","Prime"
208501,"Thorpe","Whatman","twhatmangx@arstechnica.com","bK1+YlE~)C","(703) 4229031","Prime"
208515,"Perry","Montrose","pmontrosec0@etsy.com","mD8""<3wpt<d","(214) 9371829","Not Prime"
208638,"Christopher","Ivkovic","civkovic8m@comcast.net","fC7?s2Mm""U","(256) 4147557","Prime"
208755,"Risa","Worsfield","rworsfield4e@google.co.uk","xC4_t~Xp4Rf","(404) 2729378","Prime"
211370,"Loreen","Ferrini","lferrini80@ca.gov","eP0<IAR9ZKay""h","(336) 2040072","Prime"
211637,"Taffy","Grayston","tgraystonji@eventbrite.com","fH6?<1S=+@ER|"".<","(914) 4017465","Not Prime"
211812,"Randolf","Balassi","rbalassi8a@goo.ne.jp","rS2_907@3%g<{mpH","(334) 9025937","Not Prime"
212520,"Thorin","Applewhite","tapplewhite5r@yale.edu","vS8.xV)0H(t","(202) 1272490","Prime"
212578,"Suzy","Winfindine","swinfindineq8@ning.com","jT8#?(D@EIgD","(253) 4629712","Not Prime"
214294,"Lonna","Klimpke","lklimpkems@mlb.com","qV0`wms#QE","(312) 2289141","Prime"
214550,"Michael","Franzettoini","mfranzettoinikj@cisco.com","fS0`*Tn9a","(619) 4946443","Prime"
217045,"Sullivan","Krzyzowski","skrzyzowski6l@google.co.uk","gV1%5O+7BJO8","(202) 3331315","Prime"
217654,"Jessika","Scotts","jscottsfe@opensource.org","mY3(rjD+bL","(405) 4543474","Not Prime"
220744,"Gaby","Shadrack","gshadrackd6@cyberchimps.com","uR6=5X&wm","(832) 4514747","Not Prime"
221369,"Karlotte","Millea","kmilleao7@ox.ac.uk","zS0>B}),6","(305) 5664245","Prime"
222344,"Cammy","Bentote","cbentotee3@ca.gov","sJ7!60NY!#O","(754) 9723388","Prime"
223077,"Marya","Petworth","mpetworthhp@livejournal.com","rO8/g>6$5QHB","(714) 8331834","Prime"
223104,"Zedekiah","Hayhoe","zhayhoeci@usa.gov","nC3'%?,_Hu_""xU","(616) 8372276","Prime"
226707,"Marcile","Alvey","malveyn1@pbs.org","gM4.{t}tB$>/naO","(214) 9244933","Prime"
227550,"Tera","Corbishley","tcorbishleyet@ning.com","pC5(e2Hm","(775) 3086075","Prime"
228856,"Trina","Foxley","tfoxleylq@patch.com","sU0`&x0#$#","(212) 9500229","Prime"
228991,"Evangelin","Seymour","eseymour2f@ask.com","fX9&CbS""aWM9","(617) 3090645","Not Prime"
229641,"Tobiah","Birtle","tbirtle9y@typepad.com","iF4||QCeS0","(815) 9060882","Prime"
231755,"Antons","Welburn","awelburn3h@reuters.com","cW6@_S_x","(714) 7839148","Not Prime"
231879,"Rhoda","Evanson","revanson3r@live.com","bX4{cw7ppl","(415) 7756816","Prime"
235292,"Keslie","Cardenas","kcardenasey@purevolume.com","kB7+H""r_","(850) 9213916","Prime"
235782,"Cassie","Paliser","cpaliseroa@buzzfeed.com","lY9!<0@BZ","(203) 4253252","Prime"
237925,"Ashbey","Halle","ahallehi@state.gov","rW9?je$QZ","(916) 8093614","Not Prime"
238561,"Thurstan","Bielefeld","tbielefeldgb@amazonaws.com","tH1""Gca7Tz(GBnn","(231) 2421139","Prime"
241992,"Artemas","Widdicombe","awiddicombegi@telegraph.co.uk","fL4{%=SR~!5z","(516) 6756757","Not Prime"
246207,"Cecilia","Noquet","cnoquet2s@economist.com","eF4=4sM?,97#\Ec","(510) 5680102","Not Prime"
246543,"Kay","Borrel","kborrelpn@surveymonkey.com","sR8+3d'F","(571) 6192433","Prime"
246810,"Pren","Quickenden","pquickendennu@webeden.co.uk","yF9?lsWO6","(816) 9323868","Not Prime"
247064,"Alexei","Werlock","awerlockfm@china.com.cn","cD2}>dNvw&D?g,vv","(212) 3561848","Not Prime"
247738,"Prudi","Grosvener","pgrosvener3s@unc.edu","kQ5$5Kc@4C4","(405) 5065928","Prime"
248268,"Renie","MacRedmond","rmacredmond2p@google.nl","eE8{nhK\","(813) 2365995","Prime"
248740,"Evelina","Road","eroadkr@posterous.com","gM1'~>|~w","(210) 3984355","Not Prime"
249104,"Lindsay","Tremoulet","ltremoulet9i@pinterest.com","pD0+djI@hV#j_","(202) 5968874","Prime"
250256,"Si","Sambells","ssambellsoh@howstuffworks.com","vG3?E'>Io\","(562) 3439753","Prime"
250804,"Walther","Gerard","wgerardm2@samsung.com","lE2+A2DW>Hjp","(316) 6035701","Not Prime"
252609,"Mikkel","McGibbon","mmcgibbonid@t-online.de","bB9|LHi{Z5{Nc=/","(952) 3000335","Prime"
253549,"Arnaldo","Philott","aphilotto@comsenz.com","sM2*a8Ek.lPoEtT4","(626) 6980822","Prime"
253858,"Donielle","Chattoe","dchattoe65@ox.ac.uk","fN5!`05LOPkCX","(512) 5691478","Not Prime"
253916,"Craggie","Roman","cromandg@photobucket.com","aX3+fJj\Dx}m","(316) 8983575","Prime"
254507,"Shandeigh","Harteley","sharteleym7@ftc.gov","iP7!,g/}WR|c<ZiG","(615) 6694767","Prime"
254700,"Hewet","Borris","hborris4i@creativecommons.org","eF0<YTRx!,<VBim","(954) 4650557","Prime"
255725,"Nanine","Camelia","ncameliaa0@so-net.ne.jp","iY5\\6Mi","(334) 2423897","Prime"
255885,"Page","Todeo","ptodeoh5@twitter.com","lU0>im(UMx""q","(312) 9196563","Prime"
256624,"Rikki","Usborn","rusbornqd@jugem.jp","cQ7%Sv.rB>AX)821","(515) 6666600","Prime"
256658,"Beverley","Preble","bprebleml@goodreads.com","tP9\6{L8k/(","(571) 8762499","Prime"
259275,"Nanete","Antunes","nantunes8q@sun.com","xK2?yJxK$CaW70Di","(520) 8331737","Prime"
259280,"Ashil","Soans","asoansql@virginia.edu","zE3\*3Ap#Nt_gKl","(714) 2357228","Not Prime"
259667,"Elana","Greed","egreedp@baidu.com","gG6_BkGmXNdRe!","(317) 9946827","Prime"
260223,"Patsy","Strode","pstrodeh6@ow.ly","lK0>1+KrqGU6Wuz2","(336) 1836157","Prime"
260371,"Laurie","Freen","lfreen6c@mediafire.com","rF3!Mg#gzw@sLV","(804) 1630869","Prime"
261565,"Ardith","Logan","alogan7e@gnu.org","kG8%nDtu>NSE+K","(571) 1157030","Prime"
262616,"Dalenna","Godin","dgodin7g@thetimes.co.uk","tR5@uQ~jv","(614) 2155719","Not Prime"
262817,"Malvin","Temple","mtemplefz@biblegateway.com","bC8`L_j=%q(/","(808) 2852985","Prime"
263817,"Glori","Brereton","gbrereton4c@nationalgeographic.com","uF1'roD7F74Z","(402) 1675505","Prime"
263904,"Lynelle","Waryk","lwarykq@elegantthemes.com","sZ1<qd~nb","(360) 4349384","Prime"
265204,"Karylin","Myderscough","kmyderscoughmd@wisc.edu","vT3)WE5Z3&Z~</7,","(517) 5091714","Prime"
268734,"Galen","Tregiddo","gtregiddolr@mozilla.com","dO3{##OB\MYvv","(540) 1439671","Not Prime"
269111,"Lanna","Margrem","lmargrem6w@trellian.com","bZ0#9{u0","(210) 7753905","Not Prime"
269215,"Nevins","Hobson","nhobsonky@rambler.ru","mM0/_Jo$yjA","(404) 8365361","Prime"
269273,"Fidelity","Allam","fallam3n@dailymail.co.uk","lH6%jTj0`","(303) 4432422","Prime"
270930,"Anthea","Borrowman","aborrowmana8@netlog.com","hL4#D}\X<1","(313) 4527858","Not Prime"
271747,"Freddy","Golsthorp","fgolsthorprn@toplist.cz","hR1{O{0|dl","(707) 1338798","Prime"
271948,"Euphemia","Kubala","ekubalami@upenn.edu","cV7\2+o2qd+\","(636) 8593333","Prime"
272444,"Dolli","Samwaye","dsamwaye7i@ow.ly","zL5_\\vtAu8/fuF","(772) 7246112","Prime"
272679,"Almira","Coppenhall","acoppenhall2m@dot.gov","yS6&f+1>~i>%h","(915) 6437941","Prime"
273696,"Leilah","Waistall","lwaistalll4@google.de","nU9%$Qz&?fyY$'f","(850) 2413696","Prime"
274647,"Addy","Roncelli","aroncellipl@tripod.com","cV9}F<&0","(214) 8082065","Prime"
275182,"Aloise","Sills","asillsom@cbsnews.com","pB2>=xo(?Z.","(717) 9442773","Not Prime"
276035,"Mead","Dykas","mdykase9@google.de","lZ2?n<TYC`1XrT","(615) 7638659","Prime"
276381,"Vaughn","Fonzone","vfonzonemq@lulu.com","jA3\ZxzrSt~","(713) 4287678","Not Prime"
278734,"Nonnah","Boichat","nboichat8y@slideshare.net","bC3)b=>utveB","(414) 2518359","Prime"
279504,"Had","Rozycki","hrozycki5w@paypal.com","qE1|_OQ\K>ZP","(513) 7534016","Not Prime"
280433,"Kareem","Gyrgorcewicx","kgyrgorcewicxf1@whitehouse.gov","cU6.*sC+\%h$Tn","(312) 8071140","Prime"
281540,"Trude","Peile","tpeilejj@geocities.com","vH3}gt3{dd#w","(423) 9396055","Not Prime"
282015,"Donelle","Backes","dbackesh8@ted.com","vL8}5y2)&wE,B","(225) 8474925","Prime"
283104,"Andee","Steven","asteven5i@cbc.ca","sC9+Hrrmi5*'Cnn","(717) 3647887","Not Prime"
284561,"Marsiella","Clarey","mclareyoz@xrea.com","wN3$hfo}xfAI6","(614) 9505439","Not Prime"
284613,"Barbara","Wortman","bwortman86@flavors.me","vQ2/eee,Ifc5","(206) 5617229","Prime"
286042,"Rafferty","Streeton","rstreetoniw@state.tx.us","yF2$i`Pr","(772) 7047257","Prime"
286192,"Deeyn","Wurst","dwurstkd@psu.edu","lX5|2DaskPj","(785) 4243716","Prime"
288739,"Jeffrey","Revening","jrevening5k@shareasale.com","lA1""f_cQ'UAZxOS","(601) 3249724","Prime"
290189,"Guillemette","D'Antoni","gdantoni7b@vkontakte.ru","rL0!ydp?+M1Ik","(702) 5354929","Not Prime"
290341,"Roze","Peirone","rpeironemv@imgur.com","hH8}B?E@","(619) 4189264","Not Prime"
290889,"Mathilda","O' Cuolahan","mocuolahano9@cnbc.com","yC1(q`$sH!)Q","(209) 1239616","Prime"
292332,"Harcourt","Averies","haveries2c@wunderground.com","cA0>7!G+1BbP6L,","(336) 1305621","Prime"
292979,"Mellisa","Pipkin","mpipkinjc@who.int","aB5&6BsBVF""","(303) 9927350","Prime"
294078,"Nancee","Houlson","nhoulson2h@toplist.cz","xQ0$P/5y{?eL5","(804) 2617211","Prime"
294145,"Zorana","Eubank","zeubank5m@princeton.edu","fH0>\j6X","(682) 3395904","Prime"
295564,"Ezequiel","Drysdell","edrysdell75@behance.net","bG4,\w9x|_","(573) 4350787","Prime"
295656,"Bentlee","Clewer","bclewerk4@aboutads.info","kD1?bbmlP)W","(808) 7936110","Prime"
296702,"Mattias","Cockerell","mcockerello6@prweb.com","kV5=QZ_d49M`P{!","(315) 2128967","Prime"
299122,"Ron","Gadman","rgadmand0@surveymonkey.com","lD5)g~F?K","(772) 7873875","Not Prime"
304594,"Siward","Croci","scrocia9@amazonaws.com","gK3+4I_g2!f6","(303) 2543289","Prime"
305425,"Joan","Scyone","jscyoneo8@chronoengine.com","cC8&$xFl5JkP","(617) 6965910","Prime"
305646,"Noel","Andresen","nandresen2n@amazon.de","vK5#l()$4au","(214) 4084681","Prime"
306960,"Abramo","Juan","ajuan4d@shareasale.com","qE3|6nhL6/_j4Ju","(713) 6455881","Prime"
307284,"Batsheva","Balnaves","bbalnavesio@narod.ru","qT0/2dmw","(915) 7052329","Prime"
307396,"Joletta","Braunroth","jbraunrothnq@miitbeian.gov.cn","oS8""bx9i`iO.>,","(225) 3095432","Prime"
307683,"Kriste","Hedditch","khedditchmb@webmd.com","aK0'ed`I~8Dw","(404) 6698886","Prime"
307862,"Verla","McGrae","vmcgraed4@hibu.com","eI8(#h'$6s","(408) 9024323","Prime"
309341,"Ansel","Sictornes","asictornes6o@patch.com","mI4=1EV%1.DbN<$1","(210) 2652354","Not Prime"
310031,"Ailbert","Gamblin","agamblin61@flavors.me","nX7>'hf.z4h!}j","(336) 4589192","Prime"
310100,"Tonie","Cejka","tcejka4m@archive.org","gC5_t2U0","(415) 1028190","Not Prime"
311491,"Ellis","Kief","ekief9c@mozilla.org","rD5<G_oUSv8","(502) 1893219","Prime"
311687,"Carolynn","Erdely","cerdelyb8@sohu.com","nE9$nR}k@,(QMa1","(952) 4820272","Prime"
312400,"Barnard","Hethron","bhethronl2@so-net.ne.jp","zF1$qA@o.HJK","(817) 5585686","Prime"
312623,"Olivero","Hovel","ohovelhr@furl.net","aL8|_EiIzz","(719) 2891938","Prime"
313359,"Chelsea","De Malchar","cdemalchar2t@microsoft.com","nR2(boaOZJYGaQ","(650) 5693084","Not Prime"
315005,"Reinhold","Cornelleau","rcornelleau4o@loc.gov","jU9*M'yfR'Z","(518) 8592393","Not Prime"
317403,"Briant","Leworthy","bleworthy88@hexun.com","uJ0#bH,H+V|$Ee&)","(773) 1539980","Prime"
317439,"Kala","Colledge","kcolledge13@reuters.com","aX0/Ym3hVbE=5j","(936) 8733126","Prime"
317828,"Cinderella","Bearns","cbearnshg@npr.org","pF3{mUQn.p","(704) 8923374","Not Prime"
318269,"Dante","Hessel","dhesselm4@dot.gov","xV1_\Q_#c","(404) 4083073","Not Prime"
318825,"Elyssa","Paolazzi","epaolazzibk@booking.com","oY8""z|0(?","(609) 6440784","Prime"
319112,"Clarey","Buckoke","cbuckoker3@engadget.com","mY5\o)jQl,/Yy9*","(202) 5082504","Prime"
319957,"Dimitry","Kahler","dkahlergm@liveinternet.ru","zH8_Ds9?2V(t","(775) 5196150","Not Prime"
321844,"Whittaker","Sandeson","wsandesondr@cpanel.net","qF7(V>Xg~{OL6A","(312) 8564364","Not Prime"
321962,"Lorne","Becaris","lbecaris43@addtoany.com","gG7<F|1CSB1pI","(804) 4029995","Prime"
323970,"Jania","Braxay","jbraxayc@deliciousdays.com","aN8$*'h$6,S#O5","(304) 3140049","Prime"
324140,"Carmella","Dayly","cdayly9f@xrea.com","jW1_~UYoFV|","(404) 2545880","Not Prime"
326258,"Georgianne","Clutterbuck","gclutterbuck2q@icio.us","sZ1?(QnmRk$Ddd","(217) 3595497","Prime"
327783,"Erma","Ackery","eackerygv@howstuffworks.com","aC3@<1L08GR(9Ppk","(954) 6804849","Prime"
328718,"Marcille","Bendelow","mbendelowlw@ustream.tv","oI7%s+o8G","(713) 7729647","Not Prime"
330938,"Cathlene","Rushton","crushtonni@1688.com","kX6~d9w'!R~0","(303) 2357021","Not Prime"
331119,"Binny","Gerritsma","bgerritsmad2@boston.com","kZ3&PaxW<~/*KS0l","(602) 9697790","Prime"
332324,"Heloise","Simison","hsimisonkk@51.la","vW6~w!18u4YGeCd<","(404) 3736108","Not Prime"
333798,"Traci","Emmer","temmer7s@homestead.com","bN3/lk6S?""RyS","(202) 8508849","Not Prime"
339212,"Dominica","Ridolfo","dridolfo41@mozilla.org","nQ3'z7194s|x","(518) 1577919","Prime"
339928,"Cassie","Pfleger","cpflegerhv@nyu.edu","uG3_AbA=Y","(305) 7891641","Not Prime"
340872,"Herbie","Casaccia","hcasaccia1d@themeforest.net","tJ4+a<$U","(606) 4125923","Not Prime"
342857,"Lydon","Elias","lelias7@sohu.com","aN6>joA{mj","(859) 4120346","Prime"
344950,"Di","Varvara","dvarvaraq1@gnu.org","yS1.cO/E3{IA6","(716) 8286407","Prime"
345090,"Gaile","Eastmond","geastmond30@feedburner.com","tZ7<)PchC","(419) 1046133","Prime"
345914,"Cassondra","Donhardt","cdonhardtgl@amazonaws.com","lY1'nIi""","(561) 4492268","Prime"
348238,"Walker","Devon","wdevonbg@arstechnica.com","vO2+Dl,5~)lOh0x","(410) 4102578","Prime"
350494,"Kendre","Frankum","kfrankum9q@imageshack.us","lZ1#KOA}j+z","(626) 6634887","Prime"
350541,"Kaspar","Taudevin","ktaudevinl5@ucla.edu","vM5""V~1G","(501) 3843402","Not Prime"
352909,"Millard","Cathie","mcathiejb@dropbox.com","wD5*}4bp%_","(214) 1393147","Prime"
353874,"Euell","Kerfut","ekerfutej@sfgate.com","uF0+iC=71","(716) 8493290","Prime"
354012,"Verile","Riall","vriallpy@amazonaws.com","oB3=z\3Mp6N6|~G","(713) 1459660","Not Prime"
355696,"Letizia","Frotton","lfrottoner@51.la","qN5/'4d)e&pJ<<y","(209) 6589482","Prime"
355763,"Linell","Sagar","lsagar2z@chronoengine.com","fE2?V}~MxP1H/BQ","(315) 3930547","Not Prime"
356198,"Theda","Ondrus","tondrusco@godaddy.com","xH7\MplR!2","(303) 4366252","Prime"
357586,"Ainslie","De Carlo","adecarlonm@a8.net","bZ6""~Qm=PytgcO%N","(612) 5247918","Prime"
357737,"Pryce","Bockmann","pbockmannlx@nifty.com","sL2>tFUBfNYb#","(952) 9076631","Prime"
357922,"Lindsy","Scemp","lscempfd@time.com","qV1""=hML=dh","(501) 8697062","Prime"
358498,"Barbette","Hamshere","bhamsherema@elegantthemes.com","rV2(IM_JpNv","(915) 7094352","Prime"
362396,"Alfred","Morgue","amorgue8i@ibm.com","wJ6+1>@LuJ77","(402) 2811912","Not Prime"
363170,"Brennen","Petyankin","bpetyankin7c@pbs.org","eD0`P3Oe+B53,f","(434) 6993386","Not Prime"
364222,"Clayborne","Linneman","clinneman4y@networksolutions.com","jD1(K$mu95<1","(201) 3121556","Not Prime"
366292,"Radcliffe","Maleck","rmaleck83@discuz.net","bY7$<hDs\cx&","(904) 7501033","Prime"
366342,"Elmer","Bannard","ebannardf2@mozilla.org","zT9<%($n6Yt2","(314) 2176114","Not Prime"
367457,"Kirsteni","Pemberton","kpemberton69@moonfruit.com","oZ3(Nab#i>x*","(281) 6138808","Prime"
369131,"Leelah","Massinger","lmassingerjq@networkadvertising.org","qT1>7iwsa`""NFu","(786) 5465837","Prime"
369534,"Delcine","Barnaby","dbarnaby3e@hp.com","uZ5~y/%Fly","(770) 1428655","Prime"
369625,"Cornela","Cayle","ccayle3k@google.com.br","pY9>u&?P4z?6GI","(917) 1016830","Prime"
370020,"Bertha","Huntriss","bhuntrisscx@reference.com","sK8@@n2*vhjpu","(516) 8768558","Prime"
370208,"Perrine","McInnery","pmcinnerygs@admin.ch","qA8`(*fB2z","(214) 1942836","Not Prime"
372070,"Chas","Hughes","chughesjd@intel.com","mS1+0b*JHE6c","(989) 9163949","Prime"
373693,"Darla","Doherty","ddoherty4x@fastcompany.com","rT0=2|lY/oAPc2#","(716) 3843052","Not Prime"
373727,"Zsa zsa","Avey","zaveya1@cnn.com","yY4#Rf+aG&t","(203) 4373431","Not Prime"
374134,"Gabrila","Scouller","gscouller1s@soundcloud.com","jA4,m*R}|O","(202) 1774096","Prime"
376486,"Tonya","Wilderspoon","twilderspoonra@buzzfeed.com","nJ4{2jmUE3Gogc4","(215) 5555969","Prime"
376937,"Rurik","Carnock","rcarnockds@photobucket.com","pL0_XYN{n","(619) 5954316","Not Prime"
377270,"Brittaney","Sans","bsanskw@dion.ne.jp","yF0.R?9tI&GuQGQ","(301) 5304429","Prime"
379387,"Horst","Yakovliv","hyakovlivkn@techcrunch.com","wZ6@\qMO+y@yH@)","(406) 6297610","Prime"
379482,"Fields","Dimmack","fdimmack7n@irs.gov","cV1=iFtGV<","(858) 6591040","Prime"
380359,"Dalia","Mooring","dmooringf0@ask.com","eF7~A(\Dmf\_","(904) 5797843","Prime"
382107,"Athena","Brooke","abrooke3i@virginia.edu","oR0)jR\R~JuM&H","(214) 8806005","Prime"
385453,"Orlando","Curcher","ocurcher6d@craigslist.org","vY2@b.+5>6=k5=","(718) 6548187","Prime"
387962,"Nedda","Nawton","nnawton9e@scribd.com","xZ1$Ru$1e+||j","(828) 6939719","Not Prime"
388559,"Tomkin","Archibald","tarchibaldk@cbsnews.com","jG5""TF|umgJgDo`","(904) 8526020","Prime"
389637,"Gaven","Geraudy","ggeraudyfx@deviantart.com","yE3_ZPPK","(402) 5829323","Prime"
389674,"Kit","Mollett","kmollettgu@slashdot.org","vS7=.02*","(707) 4960134","Not Prime"
390821,"Fields","MacIlraith","fmacilraitha4@shop-pro.jp","xI1?y@bqLVA","(228) 6182939","Prime"
390888,"Mora","Oxenham","moxenhamlo@4shared.com","tJ3|w""ShhU{l\iGl","(513) 5714007","Prime"
391215,"Hedwiga","Getley","hgetley8s@cargocollective.com","mA5?|b@J=","(413) 9905499","Prime"
391404,"Rani","Hampshire","rhampshire7p@a8.net","iH5,VZEh6)","(202) 3069628","Not Prime"
392546,"Carol-jean","Casella","ccasellaee@reddit.com","jZ7?`RYQ2JK<""9","(904) 2126305","Prime"
393303,"Aimil","Rubinsky","arubinskye7@51.la","iN5+BS)JvO4","(213) 2332817","Not Prime"
395324,"Vivienne","Turnell","vturnell19@icq.com","mP6=f~r>>B8dHL","(281) 7417065","Prime"
395938,"Rowena","Tarbath","rtarbathch@epa.gov","kT9'}yI=9y6<,4U.","(256) 9839496","Prime"
396410,"Mickie","Clear","mclearea@theguardian.com","qH9_+1ty9|l$","(915) 5360156","Prime"
396448,"Guillema","Harrap","gharrapd9@mashable.com","nW7!fS7'3wi@","(919) 5439259","Not Prime"
396814,"Eunice","Chern","echern2d@bravesites.com","hB3&3{Z""X","(212) 5729666","Not Prime"
396820,"Glad","Ferriby","gferriby60@cpanel.net","hP5.R{U!(F/{Y","(812) 7999939","Prime"
398025,"Haslett","Rumble","hrumblelv@fema.gov","uZ3!}Z3'B2*n{WE","(210) 4952039","Prime"
399060,"Lilas","Askin","laskinqz@usnews.com","jM7)V00QbRN2@rro","(559) 4916361","Prime"
399436,"Zorina","Easterbrook","zeasterbrookqq@symantec.com","eY3`Jb01o_ny","(304) 7226652","Prime"
399900,"Iorgo","Vears","ivears7d@who.int","aM9,@5vQT#t","(253) 7505696","Prime"
400834,"Faunie","Blaber","fblaberbb@gnu.org","tE1}'|j46fOtI8","(404) 8311958","Prime"
400854,"Livia","Ripsher","lripsherb0@nasa.gov","pY5&&0DBFW","(228) 4605974","Not Prime"
400950,"Gerta","Boulde","gbouldebw@upenn.edu","nA6'HW>~#A5+6","(858) 3771618","Not Prime"
401253,"Jaquelyn","Pester","jpesterl8@typepad.com","bB8,OPBaCR","(304) 1521251","Prime"
401845,"Emalee","Dalman","edalman2w@livejournal.com","iM0{+fWUu>>0LNy","(229) 7175125","Prime"
403101,"Wrennie","Managh","wmanaghe8@photobucket.com","mX4*?TXfi'q1>Q","(910) 3438036","Not Prime"
403111,"Lela","Artharg","larthargi5@spiegel.de","mC7$4el`","(754) 2093446","Prime"
405119,"Garrek","Lenglet","glenglet3l@yelp.com","mH9?Nmj&k5O,*","(505) 4178803","Prime"
406052,"Drusie","Grinsted","dgrinsted3d@google.it","uP1+<lY*2","(312) 9665257","Prime"
406662,"Paulita","Sextie","psextiec2@shutterfly.com","wW4@QECQ|8?f/>dD","(816) 7698758","Not Prime"
407671,"Guinevere","Blackesland","gblackeslandhc@gravatar.com","gU4.\v)!zb#Oj","(801) 1005940","Prime"
407801,"Sadella","Janikowski","sjanikowskip2@irs.gov","dA0(!XcaOE@>),Q","(205) 2422468","Prime"
408249,"Jamie","Hughlock","jhughlock2x@ft.com","uQ2|!X""y","(423) 8414359","Prime"
410004,"Sherlocke","Eaden","seaden9g@comcast.net","mR5+6o~OSi*7Ly*+","(210) 4959051","Not Prime"
410857,"Joete","Jachtym","jjachtym98@google.com.au","yL0`KVeeHWCxw$Q","(214) 5156006","Prime"
410958,"Ulrike","Treweke","utreweke7y@1und1.de","bW0,1OBgVZW>P'O","(605) 8991089","Prime"
411300,"Linette","Pretor","lpretorkh@51.la","vH2$QUh9S#r""","(320) 1560131","Prime"
412297,"Alberto","Jillitt","ajillittb2@cbslocal.com","lZ9{UhIaa(!ir","(619) 2711565","Prime"
415708,"Dorie","Grassett","dgrassettmx@chron.com","mF1(kA\~dH+!","(405) 6698538","Not Prime"
416056,"Cyrus","Jelkes","cjelkes5a@bandcamp.com","eX7~>')D~C|","(216) 2920866","Prime"
416329,"Alvie","McKevitt","amckevittke@posterous.com","iQ4\41\#CWpI\FZc","(315) 8008425","Prime"
416576,"Malory","Mariaud","mmariaud3m@abc.net.au","xL5>YiPC'tB","(215) 2068385","Prime"
417312,"Baxie","Borthram","bborthramgw@example.com","pA2+67>y#t","(214) 6583519","Prime"
418576,"Humphrey","Haucke","hhauckeda@tuttocitta.it","eE9~kkAAMWCX","(907) 6121230","Prime"
419525,"Burnaby","Edgin","bedginnt@buzzfeed.com","gB2<ndGIm9U","(405) 9511926","Prime"
420021,"Evanne","Scourgie","escourgieaq@oakley.com","tU5\""f..","(410) 1593645","Not Prime"
420147,"Bendick","Stollmeyer","bstollmeyerb5@ihg.com","eA5}w/Fj,lL#ToC","(256) 2009751","Prime"
422367,"Carlina","D' Angelo","cdangelo42@soundcloud.com","nY3{iK!hd","(865) 2395193","Prime"
426924,"Milzie","MacQuist","mmacquistks@yellowbook.com","lC1~D2(s","(313) 1050585","Prime"
427124,"Biddie","Gilhouley","bgilhouleyp3@hubpages.com","vZ7<>!~>,.ho_iuY","(407) 9961098","Prime"
427207,"Hetty","Peret","hperetfb@umich.edu","hA4_A1W2NU#rT@=","(562) 9601510","Prime"
427817,"Teriann","Isselee","tisseleej3@unesco.org","cD3!SI0qnB{","(812) 7214250","Prime"
429258,"Renato","Murrell","rmurrellgd@samsung.com","mM2~pmy9qvui(","(352) 1796126","Prime"
429721,"Michele","Leel","mleeleg@china.com.cn","cC4$_tI/Ac|","(865) 4145345","Prime"
429763,"Mata","Pryell","mpryell4k@bloglines.com","uS0<B(+!0%E4JMX","(216) 1391625","Not Prime"
430491,"Abner","Jiranek","ajiranekbu@ted.com","tZ0>'8pMWMt&9H}<","(478) 6428669","Not Prime"
432267,"Myrwyn","Whitta","mwhittaib@uol.com.br","iV9<akFZ+w","(973) 6031443","Prime"
432849,"Elberta","Arminger","earminger24@time.com","mE3_B's_","(601) 3605275","Prime"
433265,"Tatiania","Enston","tenston9z@hc360.com","zM0>9_*AXn~*","(412) 6484392","Prime"
434610,"Cyndia","Gateland","cgatelandhh@amazon.co.jp","vP4#Nr&e<j39","(225) 1000309","Not Prime"
436040,"Clemence","Buckland","cbucklandcw@europa.eu","iQ8=V`wA'Jy/Z=","(804) 1691128","Prime"
436126,"Elia","Niblett","eniblettov@ox.ac.uk","jT0|H|`B9E!ayT2","(907) 9600059","Prime"
437596,"Tomasina","Lansdown","tlansdown7r@quantcast.com","qO9$TEi>k~&%A&'F","(312) 1063384","Prime"
438157,"Eran","Vales","evales71@booking.com","kU8\{2>B*ey","(570) 5568329","Not Prime"
439264,"Steven","Groucutt","sgroucutt2r@aol.com","kY4*vB7qP/~","(202) 2327077","Prime"
439442,"Linnet","Geake","lgeakek9@moonfruit.com","cS9'RNGd","(916) 2347782","Prime"
443030,"Ryon","Pudner","rpudnerdl@free.fr","uV3\6*E<%N3QQB5t","(323) 3259047","Not Prime"
443207,"Hamish","Moxstead","hmoxsteaddp@live.com","kH2%mSTX","(520) 5176559","Prime"
443303,"Jewell","Tebbutt","jtebbuttd7@yandex.ru","vE1}73<'Q%""4l7>r","(540) 7322051","Prime"
443331,"Stefa","Belk","sbelkoo@facebook.com","kY8.!)682ly","(212) 1910780","Not Prime"
443589,"Janos","Ferrini","jferrini8n@un.org","uN5_<iVnM|","(316) 7326559","Not Prime"
443992,"Grady","Cassimer","gcassimer1m@sina.com.cn","kV4(cv._U1aJ0XY","(913) 6661431","Not Prime"
444330,"Hilario","Barehead","hbareheadg0@shinystat.com","aZ8'f(x4#dk*&24","(239) 2333479","Not Prime"
444452,"Johnathan","Debold","jdebold9w@apple.com","hA7/9oWp#wm1&{","(904) 5688587","Not Prime"
446183,"Rebbecca","Neesam","rneesam2b@tinypic.com","sI3)R\=&9","(209) 7087742","Not Prime"
446846,"Raffarty","Dimsdale","rdimsdale5u@devhub.com","tH4\Y+rHfF7","(812) 1284098","Not Prime"
447219,"Ellery","Wedgbrow","ewedgbrowh3@ebay.com","dL7,RPqP","(936) 8193217","Prime"
447804,"Guntar","Nealy","gnealy4w@newyorker.com","hT9}~nVu=yE5,U}Y","(515) 3934513","Not Prime"
448243,"Laural","Arntzen","larntzeng5@ebay.com","cN9}C0Uq","(401) 1860906","Prime"
448548,"Pepito","Hiner","phiner17@phpbb.com","mP4,z*=w<qy0Z","(919) 3006064","Prime"
449971,"Ron","Torre","rtorre92@eepurl.com","zW0*1,Q@\","(585) 2839361","Not Prime"
450009,"Raimund","Gibard","rgibardob@google.com.hk","rA4,O1/HR&.c","(512) 3616929","Prime"
451307,"Raul","Maxstead","rmaxsteadqv@sakura.ne.jp","eH7$W1rf\ptX","(816) 8105631","Prime"
451354,"Emlen","Eake","eeakelt@desdev.cn","zO7""x)f{","(702) 1563176","Prime"
451897,"Maurice","Callingham","mcallinghamb1@mozilla.com","kE7=5tK=q!c","(339) 7552734","Not Prime"
452199,"Arline","Peto","apetohy@upenn.edu","tD8&u<}sP`N","(916) 5310251","Prime"
452943,"Merv","Schleswig-Holstein","mschleswigholstein6t@china.com.cn","mP3!BXvD0Nq4m|{L","(828) 5957058","Prime"
453241,"Emmerich","Coventry","ecoventrypa@hugedomains.com","kM5%<!~w{wzY","(704) 9406078","Prime"
453543,"Gan","Pridmore","gpridmore4u@biglobe.ne.jp","pP2(PL0qi))$Rw","(512) 9803583","Prime"
454600,"Cherise","Waszczyk","cwaszczykb4@simplemachines.org","yZ8\~V.+i3)'3DFp","(423) 6590257","Prime"
455182,"Fredericka","Ralton","fraltonqk@ocn.ne.jp","iV4?ml{P","(321) 8189992","Not Prime"
455671,"Xavier","Abley","xabley85@ycombinator.com","gL5'b>!Q23u$a%pP","(757) 1021949","Prime"
457687,"Hillary","Yurocjkin","hyurocjkincr@zimbio.com","cC9""B{{0""qF9t`T8","(704) 3485241","Prime"
458142,"Saxe","Bosson","sbosson1y@ycombinator.com","hX3%r_vqVV1ABt","(518) 8621551","Not Prime"
459206,"Whitby","Markham","wmarkhamen@shutterfly.com","dS6(/D9(zHu","(702) 2841690","Prime"
460174,"Rori","Physick","rphysickkg@simplemachines.org","iF2|8.l7","(318) 3204586","Prime"
460209,"Alexi","Barnett","abarnettp8@eventbrite.com","pX3}RTs&|=6","(805) 3425477","Prime"
461048,"Alexia","O'Fallon","aofallonnc@live.com","xX4#?JW\94$x'WQn","(229) 7704001","Prime"
462091,"Aili","Valerius","avaleriusqw@symantec.com","aS4(Wq#Z=","(512) 9581680","Prime"
462897,"Amalle","Avieson","aaviesonct@foxnews.com","tU2<GP1j","(202) 5675573","Not Prime"
463209,"Stephie","Aspland","sasplandp6@webmd.com","pX4+PTr7idc&","(501) 1375819","Prime"
464499,"Bartolemo","Gerram","bgerramaw@patch.com","qH7?pqk(O~z,eNCw","(910) 2514012","Not Prime"
465583,"Heidi","Baynton","hbayntondh@oaic.gov.au","rL1/>fxGy2$0","(505) 8124294","Prime"
465779,"Sylas","Tommen","stommenb6@dedecms.com","cZ9&wrv#j1TYv","(404) 9182913","Prime"
465895,"Bertrando","Trundler","btrundlermt@dion.ne.jp","zE3\,nZ~5tJ,P","(407) 1965982","Prime"
468526,"Mada","Kohring","mkohringez@weather.com","uK3_2`dH9/O","(915) 3534379","Not Prime"
469496,"Winfred","Culross","wculross3y@youku.com","gW8~O|QBubkG","(323) 6724452","Prime"
470542,"Andrea","Theuff","atheuff4b@freewebs.com","sJ7*wmD&hK","(302) 3667899","Not Prime"
471747,"Nan","Petticrew","npetticrewbq@51.la","cJ2%#4yLDig3&~j0","(813) 5988608","Prime"
473162,"Con","Bracken","cbracken52@umn.edu","cX0?""NWEPfG/Lp*","(561) 4623112","Prime"
473402,"Fleur","Shearmur","fshearmur99@histats.com","dD6<_PlNE","(919) 3135821","Not Prime"
473850,"Mannie","Debill","mdebill3q@ed.gov","vY9=LzI22IO","(813) 7856234","Prime"
474752,"Teriann","Saffer","tsaffer4v@npr.org","kK7`w1/{l>","(260) 8135451","Prime"
474883,"Marietta","Kolodziejski","mkolodziejskiqj@narod.ru","hW0_9}=r?","(405) 3399570","Prime"
475078,"Tilly","Bowick","tbowickno@imgur.com","iN9@7&yv2,i""eU","(812) 8521103","Not Prime"
476940,"Teresa","Molesworth","tmolesworthhl@sogou.com","iR9?own{y9d80","(970) 7413714","Not Prime"
479005,"Linea","Sherman","lshermanat@wikimedia.org","hR5@SM*clLHz","(707) 2256897","Prime"
480001,"Timmie","Gush","tgush46@vkontakte.ru","vM1!Wp.Sua\L","(915) 6087128","Not Prime"
480005,"Artus","Wigzell","awigzelliq@chron.com","xE7*g|DMm(5","(515) 4268314","Not Prime"
480325,"Marguerite","Weatherburn","mweatherburniv@furl.net","kA7<k\%""|%6F#R","(614) 6767348","Prime"
480448,"Gardiner","Beggs","gbeggsad@msu.edu","jI4%M$J$v0'5@","(315) 8884396","Not Prime"
480560,"Aline","Hawk","ahawkm6@jigsy.com","nZ6<yC%=ZLk.g","(352) 8924025","Prime"
480739,"Ulrike","Heak","uheakbx@sphinn.com","zT1@,*A8e!","(512) 4790083","Not Prime"
481029,"Matelda","Sackler","msackleral@youtube.com","zF4!MLdx","(601) 5178882","Prime"
482977,"Thorvald","Ivic","tivicg3@businessinsider.com","jL9`~4sU","(314) 4561680","Not Prime"
484019,"Gayelord","Stark","gstarkhm@harvard.edu","wC8=6GJZA","(312) 7506385","Prime"
484437,"Kristen","McKinnon","kmckinnon5y@cisco.com","nO3)6c$UC\GeS","(917) 6480858","Prime"
484494,"Kattie","Sketcher","ksketcherc7@ning.com","bN3`e2oaHx","(212) 6141716","Not Prime"
484625,"Dianne","Whitloe","dwhitloena@ucoz.ru","gI5@CyWgB=@","(727) 3866981","Prime"
486198,"Jaime","Drover","jdrovera6@canalblog.com","qF8<3~|UPp0}","(215) 5275910","Prime"
486450,"Garwood","Barnewelle","gbarnewellejf@princeton.edu","wC8)/B8&(YPw","(478) 5367242","Prime"
486526,"Kassandra","Rolance","krolance1h@forbes.com","cH2|zJs<\","(714) 5993400","Not Prime"
486919,"Hermina","Earry","hearrykv@businessweek.com","bX8`u3RxL7I""x","(217) 7608787","Prime"
488415,"Fairlie","Ferrarone","fferrarone47@paginegialle.it","fQ1,3v`b","(402) 2180701","Prime"
489673,"Hirsch","Fretter","hfretterok@indiatimes.com","zB7_pJ*v)","(772) 5794772","Prime"
489760,"Jed","Andreia","jandreiakf@economist.com","jC1,9Ot\>YN'","(216) 7537872","Prime"
489842,"Ebonee","Goldman","egoldman6p@uol.com.br","hP7(|tW'fL","(843) 2596792","Prime"
491392,"Marsiella","Kettley","mkettley2a@kickstarter.com","fB4)/`u6Q""Q","(616) 2061377","Prime"
492198,"Dillon","Lightfoot","dlightfoot1j@free.fr","cO5\m{+(L=3~h","(352) 3321707","Prime"
492992,"Minnie","Balasini","mbalasinit@un.org","uM9/T\4<)","(281) 1281798","Prime"
493116,"Forbes","Hamnett","fhamnetta3@sciencedaily.com","mE9(~&&<UJO#z","(813) 2085109","Prime"
493521,"Barby","Morat","bmorat35@rediff.com","zO3=e?n|m<DO","(386) 2250287","Prime"
495993,"Corbin","Boarder","cboarderj1@flickr.com","mS3=tgrnD/8u%","(682) 5894807","Prime"
496896,"Angelina","Coots","acootsih@google.com","hB5$\%gw'j9Y|","(561) 9883150","Not Prime"
497215,"Abdel","Crickmore","acrickmoremf@goodreads.com","qR1+.veA4(","(202) 6868795","Prime"
497456,"Carlene","Creamer","ccreamer8j@unblog.fr","kB0\29.Z1fg$N=?<","(860) 5909354","Not Prime"
498241,"Ring","Garber","rgarber8l@posterous.com","lG9\?Qp%M","(903) 7268741","Prime"
499770,"Irving","Warcup","iwarcupfg@hatena.ne.jp","xS3#!qpDdLR5?","(347) 3093965","Prime"
500336,"Gilburt","Brewster","gbrewster76@deviantart.com","kE3>p97yiaFJ","(412) 8656336","Not Prime"
501041,"Onofredo","Ruos","oruos6v@google.com.br","pQ7/V4tY>\6","(304) 2254376","Not Prime"
503084,"Renate","Bagnal","rbagnaloi@disqus.com","xX1?bEm\Ewa","(305) 6104461","Prime"
503689,"Kittie","Pfeuffer","kpfeufferbl@cam.ac.uk","fV8*e*gSyzNT2","(856) 8532486","Prime"
504020,"Cassandry","Ilden","cildenit@dagondesign.com","rZ9*z1`Jj!M","(602) 8907177","Not Prime"
505487,"Chastity","Danielsohn","cdanielsohnpf@ocn.ne.jp","oJ2?\UkEAcr","(248) 1117356","Prime"
505774,"My","Molan","mmolanex@purevolume.com","rW0'iYS|Tafp""'@","(210) 2463652","Not Prime"
506905,"Florrie","Brigham","fbrigham7z@msn.com","mJ6=v=t.`q!C","(281) 3056246","Prime"
506989,"Kai","Burdikin","kburdikinj6@nymag.com","uC3{Sui~S`iC+G","(614) 6204313","Prime"
507554,"Laraine","Loyley","lloyleyrr@instagram.com","hW1`cHNzZ","(304) 4689677","Prime"
508360,"Roxine","Hoggins","rhogginsdc@go.com","sP5!vGihVl(X","(702) 2098336","Prime"
509988,"Farrel","Lethieulier","flethieulierpd@blogspot.com","fG2%H#N3&6","(443) 6112603","Prime"
510147,"Marlin","MacCurtain","mmaccurtainia@hhs.gov","oZ1@#mI0","(814) 4412855","Prime"
510241,"Galina","Wigelsworth","gwigelsworth9o@xing.com","vE4""7mn?,Erf","(714) 8613967","Not Prime"
516251,"Norean","Dechelette","ndecheletteqi@auda.org.au","uY0*Nq1?)uhC(","(661) 4984445","Prime"
516996,"Marc","Romke","mromkeqp@aol.com","cH2_%<Dj<3jG","(504) 1996179","Prime"
517604,"Ania","Lilburn","alilburnpz@uiuc.edu","sU5{vT!O&`ov@B*","(510) 8417553","Prime"
518539,"Maddi","Aland","maland1c@noaa.gov","dE8~LK(E~PpS(Plv","(813) 1064325","Not Prime"
519155,"Myrwyn","Caret","mcaretb3@chicagotribune.com","vO0`<I%@AV8x(L$","(971) 1805059","Prime"
519864,"Willabella","Simao","wsimaoek@msn.com","fN2\\yBG","(513) 5403696","Prime"
520004,"Bret","Walworche","bwalworche7o@statcounter.com","hP5""N~"")_yW7","(916) 6893875","Prime"
521000,"Carmita","Newick","cnewickfy@reference.com","oO3/\=u)t","(707) 5702030","Prime"
521896,"Aleen","Cobbin","acobbin2k@sina.com.cn","qQ4?eUVb","(734) 1316979","Prime"
523920,"Perla","Heffron","pheffronmz@google.pl","zC0?|=4@$*o","(504) 6418493","Prime"
524308,"Fanya","Wheatley","fwheatleym5@unblog.fr","iF3<cZKk#Bs%","(323) 5797247","Not Prime"
524822,"Seth","Janacek","sjanacekif@lycos.com","vV6)\m_ux","(770) 2625350","Prime"
525308,"Tracy","Chavrin","tchavrinlg@godaddy.com","dJ5.UqQJ675auYX3","(209) 7980793","Prime"
525571,"Bar","Self","bself0@china.com.cn","gM5*1Wi3K/)'NER","(606) 1491457","Prime"
532350,"Eilis","Yaus","eyaush7@ox.ac.uk","yX1~.7HK}h~Ez","(718) 5512348","Prime"
532417,"Caldwell","Simkovich","csimkovicho4@hibu.com","aJ9+|d'cYyl`","(814) 4249706","Prime"
532457,"Lilly","Ortmann","lortmannpo@multiply.com","yB9~lSO$HY","(585) 5920723","Not Prime"
536230,"Terrie","Andell","tandelli4@nih.gov","vF4_a,_C89gk@?)~","(214) 6765890","Not Prime"
537558,"Freddy","Ricardet","fricardetrf@nationalgeographic.com","vA7_BSKM@XvP<","(314) 5317810","Not Prime"
538917,"Lizbeth","Reen","lreen93@merriam-webster.com","fL3|7?a*P?H40<}","(718) 1436894","Prime"
540749,"Rabi","Georgeou","rgeorgeou5s@seesaa.net","yF0#KS,p","(413) 3399711","Prime"
542152,"Josefina","Priditt","jpriditt6i@independent.co.uk","bA5&!\05KA*@","(304) 7783928","Not Prime"
542740,"Mic","Windham","mwindhamae@alibaba.com","cR2*}""E393Ar","(253) 7347848","Prime"
544293,"Arlinda","Clethro","aclethrocg@nih.gov","uS4~z""Q==+e\","(937) 6175685","Not Prime"
546079,"Otha","Como","ocomop9@cpanel.net","tW7~}<+8","(336) 9574752","Not Prime"
547213,"Erminie","Vasser","evasser72@ifeng.com","jZ6~2&e_5>vYiMl}","(386) 3271380","Not Prime"
549499,"Fania","Toun","ftounn8@mtv.com","xF2+8RHk44O","(615) 3166547","Not Prime"
549574,"Gaultiero","Huzzay","ghuzzay8k@ca.gov","jP5|PBXLvGUC","(614) 9292280","Prime"
551210,"Marnie","Iannini","miannini9v@auda.org.au","rU7$WK~C8M","(918) 4277001","Prime"
551398,"Leonore","Piens","lpiens15@amazon.co.uk","cZ2/56/3PsZ4>XY""","(646) 2919872","Prime"
551549,"Chaunce","Philipsohn","cphilipsohnfu@xrea.com","lY1'KH.O*lv<6U8e","(206) 1090283","Not Prime"
551734,"Sheree","Jannex","sjannexfq@redcross.org","jM5{ZX#f8h","(570) 3317851","Not Prime"
552188,"Aluino","Harsent","aharsentpp@ning.com","sM8`>}~J","(260) 3321702","Prime"
552257,"Jennie","Vater","jvaterox@barnesandnoble.com","dY5*pQte<","(210) 6144994","Prime"
552793,"Adelice","Freathy","afreathyaa@pcworld.com","hI8.)uU`JJ","(573) 5827026","Prime"
554026,"Bernardine","Muglestone","bmuglestonev@telegraph.co.uk","kE0''/$V{8fH#XN","(202) 6033923","Not Prime"
554085,"Carr","Dowzell","cdowzell4r@hc360.com","mQ5.IdMx!sj/B01","(217) 6030483","Prime"
554367,"Nobie","Varey","nvareyns@purevolume.com","hM6.zn/~bq!","(217) 2111566","Prime"
556170,"Wayland","Jermey","wjermey56@mapquest.com","pB4<jCD+'N","(805) 4212611","Not Prime"
556737,"Sally","Trembath","strembathn0@liveinternet.ru","gV4+<os|xS&NjE","(716) 9773245","Not Prime"
557043,"Ethan","Langstone","elangstone6n@blog.com","kP2{m$WK{RHEgZ+f","(682) 1788308","Prime"
557241,"Charlean","Leak","cleak45@instagram.com","mZ2|O8uC""nULjk","(214) 1354158","Prime"
558833,"Westley","Dable","wdable23@wp.com","uV9}Q<+\m","(215) 4667149","Prime"
559345,"Livia","Noury","lnoury1u@gmpg.org","hN7`'Wo`39","(772) 2120168","Not Prime"
560942,"Berkeley","Ollerhead","bollerheade1@flickr.com","nT8@e}#*))'g|","(215) 8080012","Prime"
561605,"Hephzibah","Gyppes","hgyppes18@dropbox.com","sZ9>*/{|`N","(412) 4110208","Prime"
561773,"Evered","Ridley","eridley57@last.fm","sY7.|$4Rf~c1\hy","(812) 1833417","Prime"
562054,"Sybilla","Chattaway","schattawayd8@paypal.com","zD5}N@4L$","(605) 1949096","Prime"
564484,"Amby","Mum","amum6z@wikipedia.org","zA5=Wj|f6}i31U","(612) 2223087","Prime"
564921,"Nelia","Kensett","nkensett6x@gov.uk","fD4/!eN5)gm32K7","(915) 4561641","Prime"
565710,"Abbye","Pacquet","apacquet44@soundcloud.com","wL8$b>foy","(313) 8474605","Prime"
566128,"Aeriela","Gahan","agahan6f@amazon.de","tL3>*f~b","(812) 3615917","Prime"
566625,"Ashbey","Buckthorpe","abuckthorpe4p@i2i.jp","dC9!f@Ab$|\|","(860) 8054488","Prime"
573491,"Adam","Clowney","aclowneyhq@free.fr","rG4$G3@hXU#p","(712) 1429027","Prime"
574223,"Asia","Gatsby","agatsbynh@1und1.de","fQ1?PxYQ@jW?6","(480) 5585296","Not Prime"
574510,"Gunner","Tumioto","gtumiotohb@vimeo.com","iK6+j07b4O)oW","(219) 3788498","Prime"
574603,"Monroe","Antoney","mantoneyix@buzzfeed.com","fY6'T8,!p`v)","(209) 5592704","Not Prime"
574889,"Helli","Haswall","hhaswallbi@gravatar.com","iA8'ti6'h$1L1Gdk","(815) 5221639","Prime"
575761,"Arlen","Argile","aargile89@webeden.co.uk","fO6""v`ffGg7","(303) 9259663","Not Prime"
577255,"Izzy","Gooday","igoodayr9@discuz.net","bR2/p!QdD/=7h1","(208) 3355992","Prime"
577361,"Walsh","Kiffe","wkiffeju@lulu.com","bC6`x..v","(360) 1781759","Not Prime"
577779,"Archibald","Josum","ajosumaz@linkedin.com","zO5&7S4hfaW\@XL","(502) 6146234","Prime"
578263,"Claribel","Bramer","cbramerp0@shareasale.com","mZ6(($`%=U","(202) 3415671","Not Prime"
578681,"Sybyl","Casini","scasinih2@ow.ly","yG9~d4#<","(770) 9227862","Prime"
578813,"Mirabella","Shemilt","mshemilt14@alexa.com","rJ4*\VFB$}y)","(502) 5478119","Prime"
579775,"Cecilia","Hannibal","channibal9h@engadget.com","dG2""rE8s7","(720) 9281089","Prime"
581994,"Zorana","Setford","zsetford7w@ibm.com","iC0@fVIBH","(901) 6489653","Prime"
582098,"Florette","Stittle","fstittle6u@engadget.com","yL2#*|)>","(406) 4572948","Prime"
582880,"Nick","Crowdy","ncrowdydo@networksolutions.com","wD4`VX6I","(404) 2026479","Prime"
583710,"Keir","Hembrow","khembrowgt@youtu.be","vP6>OBnXn","(205) 4595449","Not Prime"
584215,"Amalee","O'Glessane","aoglessaneo2@newsvine.com","oW6`_nX~Fy#pGw6","(202) 7234350","Not Prime"
584357,"Micheal","Ommundsen","mommundsen8u@yandex.ru","zF1_o25w","(301) 8326909","Not Prime"
584518,"Richie","Broadey","rbroadey51@jugem.jp","fB2>cX+nQl","(815) 6331185","Not Prime"
584607,"Quint","Boxall","qboxall4n@umich.edu","rM6'YHd1j9","(305) 6124800","Not Prime"
585322,"Fenelia","Footer","ffootern6@kickstarter.com","gS6*NE,q!An6ssz","(775) 6121601","Not Prime"
585940,"Care","Risdale","crisdale95@msn.com","tP4>lXfRv't5","(651) 3346413","Prime"
586848,"Cecile","Neiland","cneilandr7@amazon.co.jp","yT0\1GDb","(225) 1767631","Prime"
587330,"Bryce","Scard","bscardgy@alexa.com","wZ8'1@)}>RUsjOq","(623) 5847305","Not Prime"
588298,"Rianon","Whatsize","rwhatsize9u@blogtalkradio.com","yI2%D<J2{0dAYaU""","(515) 9249015","Not Prime"
594549,"Janela","Priscott","jpriscott5b@zimbio.com","yE0)Wpnz_c=L}","(850) 2948902","Prime"
596229,"Carie","Sauvage","csauvagehn@dyndns.org","qS3\b/E6yXhv&SAn","(434) 4116896","Prime"
597031,"Viviana","Shackell","vshackell26@digg.com","vQ9+O2g,rt","(315) 4020596","Prime"
598450,"Jarad","Grigoletti","jgrigolettin4@reuters.com","cA6(lLOK","(817) 7331052","Not Prime"
598759,"Yalonda","Ferraron","yferraronpj@tiny.cc","zP4""1p0)","(312) 1393033","Not Prime"
599284,"Florida","Poser","fposeri9@berkeley.edu","kL8#e68.!5","(479) 2782531","Prime"
599725,"Marylin","Willey","mwilleyap@w3.org","qS0|a>by""s!","(269) 3168906","Prime"
599828,"Bradney","Borgars","bborgarsf7@tinyurl.com","wX4_Vj8dH)Nv&","(615) 4263304","Not Prime"
600932,"Leopold","Linzee","llinzeedu@nbcnews.com","eU6@y<1hrs<XgK","(318) 7506509","Not Prime"
602213,"Jonis","Matousek","jmatousekr5@vistaprint.com","sJ3'Ep5(HNbsIs&h","(937) 5833071","Prime"
602319,"Tani","Gillatt","tgillattmw@cam.ac.uk","lZ0*ABi+}5F","(205) 9703552","Not Prime"
602554,"Harli","Johann","hjohanngg@springer.com","fB1{UjXSo7VHn5","(513) 9864759","Not Prime"
602607,"Kathrine","Sturney","ksturneylk@wufoo.com","xV2?J39M@""JaX","(903) 2525405","Prime"
603409,"Hieronymus","Twist","htwist1f@sciencedirect.com","eJ5$9I!\4","(260) 9021584","Prime"
604003,"Pamela","MacClinton","pmacclinton10@harvard.edu","kO2(`mucXOjK","(318) 6558646","Prime"
604711,"Mike","Ondrak","mondrakf3@census.gov","iM8@dU6oS5tnS`4_","(828) 5155145","Prime"
605428,"Nerta","Caudray","ncaudrayel@slashdot.org","jJ3/UhC""","(989) 8317465","Not Prime"
613182,"Anatole","Lavall","alavall8@meetup.com","sH8|\y&Uf<7D0l","(419) 9119214","Prime"
613994,"Michail","Tamas","mtamas2@dell.com","iY4#({g9wUO","(614) 9835107","Not Prime"
614948,"Forrester","Berzin","fberzin9d@noaa.gov","tY0'j49w&.7","(626) 6618662","Not Prime"
617036,"Bronny","Josefovic","bjosefovicaf@blog.com","qG4\'Yr5Y_6w|","(813) 2707438","Prime"
619760,"Brietta","Trusdale","btrusdale7f@nasa.gov","oF4!YmO10uK781U","(508) 9888180","Prime"
620294,"Anica","Haslegrave","ahaslegravea@slashdot.org","qK5$b8>eMjA=TAs","(217) 2829096","Prime"
620398,"Roselle","Anfrey","ranfreyi3@facebook.com","iT4%c!3a\=t`W\","(202) 1924826","Prime"
622004,"Darrell","Feaster","dfeastere4@wufoo.com","uS3\tzcf974","(801) 2324103","Prime"
623437,"Carly","Prandi","cprandifv@geocities.com","zL4/E""xTRl""s+","(318) 4646954","Prime"
623537,"Bibbie","Caps","bcapsd@amazon.co.jp","aW9{.FaG$u<","(208) 4620286","Prime"
623864,"Gauthier","Syrett","gsyrettfk@blogger.com","kT7""CXAGz/n>\","(260) 7502463","Prime"
624090,"Danna","Taphouse","dtaphousels@upenn.edu","wD6>{(FuDc.<","(936) 5423819","Prime"
624944,"Vitia","Basilotta","vbasilottarp@mlb.com","eX5$Sv&@ISCA","(206) 7194631","Not Prime"
626889,"Brenn","Danks","bdanks22@elegantthemes.com","dT5}*NCk<K*`","(616) 2407039","Prime"
629074,"Emalia","Batcock","ebatcock6@toplist.cz","eN3&Jl7LfqRf<dc","(561) 5202046","Prime"
630090,"Ianthe","Udale","iudale6m@php.net","wA2_u`tV","(605) 8067426","Prime"
630229,"Tori","Tantum","ttantumai@deviantart.com","eA5@C=xutXYOqHi","(720) 2245873","Prime"
631501,"Guenevere","Kristiansen","gkristiansengp@nhs.uk","fI7~kN|D@a","(773) 6358053","Prime"
632778,"Baily","Paris","bparis4j@paginegialle.it","vX2|KPwWXp(~8#5l","(916) 4919311","Not Prime"
633246,"Roshelle","Vasyukhin","rvasyukhin8r@tripod.com","dE6*aP8uA","(608) 7243209","Not Prime"
633489,"Sybille","Luesley","sluesley1q@independent.co.uk","yW6\YK}i?Z@","(903) 3318104","Prime"
634663,"Kristel","Enbury","kenbury9m@homestead.com","lX7(F""R@PP>8{0Z_","(512) 1335296","Prime"
635998,"Carmen","Burnside","cburnsidene@fotki.com","bM8,E<4R9","(813) 8829013","Prime"
636782,"Julianne","Witsey","jwitseyqn@chronoengine.com","gT9'ls*_\ZQw+.#","(205) 5706497","Prime"
636845,"Mauricio","Rosenblad","mrosenblad7k@joomla.org","bM5$xz8/ZCk","(757) 7923142","Prime"
636910,"Kellia","Imlach","kimlachav@abc.net.au","mJ7$\rNbd|!5E","(319) 1823033","Not Prime"
637171,"Elfrida","Cleaton","ecleatonag@xing.com","qM9!mZXRPErWXFS!","(321) 3332942","Prime"
639134,"Mollee","Lindemann","mlindemann2g@who.int","iU3,>PLon","(417) 8333306","Prime"
640640,"Janka","Quittonden","jquittondendv@reddit.com","rQ9+FOmOS3","(952) 1182350","Not Prime"
640840,"Bjorn","Fellini","bfelliniei@networkadvertising.org","dF1$V=Mkc@VTj","(407) 1269427","Prime"
640944,"Royal","Bencher","rbencher9x@godaddy.com","yA8>~f2D*P+l","(616) 7328882","Prime"
642450,"Mathilda","Stopps","mstopps9k@hc360.com","tJ9&Hg.i}Sp)","(907) 1700669","Not Prime"
642979,"Marlee","Cambden","mcambdenhw@loc.gov","zC5(i,g)","(303) 4740775","Prime"
643171,"Hillary","Beeken","hbeeken8b@sakura.ne.jp","vJ4""QZvH7aO60y","(915) 3454725","Prime"
643549,"Demetra","Bond","dbondik@oracle.com","fN0!2>(/Hc?6","(205) 1756134","Prime"
644208,"Tildie","Challis","tchallisdm@yolasite.com","gE9`u{@XzI<D}IJ","(256) 4787551","Prime"
646028,"Mac","Lavens","mlavenshx@unesco.org","mN3@HI#u)C","(559) 1344202","Not Prime"
646512,"Hill","Heinonen","hheinonen9t@google.co.jp","eJ3?leQR!|*wso+","(904) 5926422","Prime"
647360,"Tally","Unsworth","tunsworthly@opensource.org","yC9~yi?7upGa""0gu","(281) 6919602","Prime"
648193,"Orlando","Bloomer","obloomer6h@macromedia.com","eI4+yC""F2*YF","(727) 5847950","Prime"
648532,"Jeanie","Klesse","jklesse8o@sitemeter.com","vS2@S,mMOsQ","(318) 9104749","Not Prime"
648978,"Nefen","Ivashkin","nivashkina2@archive.org","yT8*g}Ei(JHucRRC","(816) 4011022","Not Prime"
649165,"Heriberto","Pickburn","hpickburni0@soup.io","eS9!!n&qmx","(801) 7652660","Prime"
651012,"Ignaz","Dondon","idondonjp@wordpress.com","gF6(<syw$e(L!l","(858) 5125903","Prime"
653110,"Grange","Suller","gsullerak@hugedomains.com","gO5$R_Hocuon<lBC","(562) 3806214","Prime"
653190,"Franklin","Sieb","fsiebeb@cocolog-nifty.com","tF1<0()70o","(339) 8989380","Prime"
655176,"Annabal","Libbey","alibbey5t@arizona.edu","dP8`6*l{Uqpc*e/","(570) 4772631","Not Prime"
655799,"Randal","Hawkeridge","rhawkeridgemn@uiuc.edu","pU5'\'>V'Y92b","(757) 4366412","Prime"
658199,"Candice","Rottger","crottgerax@de.vu","rI5""$QTxKHqWE","(412) 6052249","Not Prime"
659171,"Konstanze","Kidman","kkidmanbt@epa.gov","zM1_yu_m""","(808) 4523682","Prime"
659234,"Marietta","Roof","mroofdx@skype.com","jL2*Q'Aw7Sna|","(727) 9008240","Not Prime"
660674,"Annmaria","Somerlie","asomerliee2@pinterest.com","wB4=&L*&Usle~","(419) 2976744","Not Prime"
661155,"Egor","Nafziger","enafziger67@github.com","uV9,zZzW8","(216) 1286689","Not Prime"
661367,"Cinnamon","McGiveen","cmcgiveenmk@google.com.hk","zJ2?|}$Ivo","(404) 6272077","Prime"
661671,"Kent","Schmidt","kschmidt1e@360.cn","mW9=2mO47Kvz|\","(801) 1361768","Not Prime"
663434,"Lela","Rushmere","lrushmerebo@npr.org","dY3~Dqb"".?","(304) 3186003","Not Prime"
663665,"Ceciley","Fullicks","cfullicksjt@telegraph.co.uk","aT5)\<lr@","(304) 9834752","Prime"
663834,"Wright","Schuh","wschuhoy@tmall.com","oS9>Q|d+=F~","(432) 8035941","Not Prime"
664404,"Aime","D' Angelo","adangeloi6@gizmodo.com","fQ9\NX7rU","(862) 2353432","Prime"
665446,"Kikelia","Torri","ktorric9@purevolume.com","lH2|KH/c&Q","(319) 3772327","Not Prime"
665881,"Marisa","Savell","msavellkc@epa.gov","hH5)B(O~Jc","(808) 6597301","Not Prime"
666214,"Mariellen","Alasdair","malasdair5l@blinklist.com","dP9==p`E,'41&""c!","(954) 2409601","Prime"
666657,"Brnaba","Bawme","bbawmen@comcast.net","kS5{I&}{g\,CEh","(763) 7184077","Prime"
667707,"Hubey","Asling","haslingpv@fc2.com","tZ6'U&i4HW>4|","(225) 6769525","Prime"
668781,"Brit","Sein","bseinq6@free.fr","aD5""<17,""5Wyw","(937) 1352854","Prime"
668990,"Jen","Rehme","jrehmeqm@altervista.org","lN7,Cikt{3o3K/b)","(404) 9520264","Not Prime"
669236,"Clo","Piens","cpienspe@ehow.com","nM8=pnWn7HiC4av","(408) 4844687","Prime"
673083,"Mikel","Begwell","mbegwell27@gravatar.com","uA5(ZOIeE8xIPM","(208) 1070030","Prime"
674406,"Franny","Ayshford","fayshford1p@ucoz.com","vV8""{da{lAe=`5OO","(212) 4369699","Prime"
675375,"Bernetta","Ritchman","britchmane5@redcross.org","qA3<}|{q!)GLt/","(248) 6912361","Prime"
675428,"Shel","Flasby","sflasby6a@csmonitor.com","qP6)""#}G\`@|sdy","(307) 2092837","Prime"
676215,"Hollie","Mapstone","hmapstonenn@fema.gov","tA9$%6oI)","(443) 1372460","Prime"
677053,"Elsy","Toyer","etoyerbf@umn.edu","jZ8)zJ3DbAzKrHe","(740) 6751311","Prime"
679763,"Terence","Schiementz","tschiementzf8@springer.com","yE7?(U(/p&x2`C","(302) 8109610","Prime"
683193,"Aura","Carrett","acarrett8c@issuu.com","vG9/&lx3)9M=YA*A","(850) 5584224","Prime"
683734,"Dalt","Rooms","drooms63@istockphoto.com","gW9""pcR>","(404) 1710959","Prime"
684249,"Orelle","Zotto","ozotto6q@t.co","cJ5'b@oMM|z`s_V!","(601) 6538723","Prime"
684476,"Therine","Eisikovitsh","teisikovitsh97@sciencedaily.com","cH0\MA{lU<)7e_""","(716) 6035443","Not Prime"
685972,"Wandie","Engelmann","wengelmannos@hostgator.com","rY9{kn4G","(405) 7897452","Prime"
687005,"Tracee","Dyball","tdyballrm@dagondesign.com","xP1""KpjHgQz","(718) 6778963","Not Prime"
687237,"Rozalie","Sheahan","rsheahankl@reuters.com","qO1#?ri%,_Y","(318) 3252424","Prime"
690214,"Carree","Shmyr","cshmyrj9@home.pl","hO8}%1dz`m~p7E","(256) 6226886","Prime"
690293,"Del","Carnduff","dcarnduffnl@hatena.ne.jp","aZ5?&fp~wB","(310) 7257158","Not Prime"
691707,"Erin","Izatt","eizattbm@google.co.uk","fR2=CxP_ibO>DZ","(502) 5178071","Prime"
692100,"De","Catonnet","dcatonnet3x@hibu.com","vI5`m>i~aH'","(972) 1822347","Prime"
692772,"Shayla","Jerdon","sjerdongn@indiatimes.com","vJ8>GY=wn|=","(617) 7330409","Prime"
692788,"Andrew","Hands","ahands58@disqus.com","wD7/h<qKT>*2'4p","(701) 1900507","Not Prime"
693817,"Kylynn","Gresly","kgreslyb@e-recht24.de","aH9{NHXn$,_Cv,","(480) 2978056","Prime"
694301,"Artur","Canny","acannygh@go.com","fW7`d{Fvrm)/s","(407) 8875071","Prime"
695698,"Christin","MacFie","cmacfiehu@omniture.com","lO6|Ht}rC9""}","(213) 2758475","Prime"
696585,"Beauregard","Welch","bwelchf@hatena.ne.jp","hU4_V/$#}}wx\","(253) 6488142","Prime"
696917,"Ulick","Cogger","ucoggerg9@is.gd","kV8=(sqSn'`m6G.V","(213) 7930371","Prime"
697149,"Eldridge","Ogglebie","eogglebieoq@creativecommons.org","mS6%>!H>R","(806) 7942225","Prime"
701609,"Jimmie","Hazard","jhazardba@si.edu","xQ5""8muUu8.sR""LV","(251) 8041819","Prime"
702525,"Merrie","Hardage","mhardageed@theglobeandmail.com","vQ4%AtEpC","(202) 8508250","Prime"
703037,"Raina","Byrkmyr","rbyrkmyr1l@i2i.jp","vU7<XgF?,94iD1A","(713) 9387360","Prime"
703189,"Ave","Rau","araurk@acquirethisname.com","vN2(k@%ub(ZWq!<","(319) 8094717","Prime"
705125,"Zarah","Brotherhed","zbrotherhedig@businesswire.com","fD6|X0~TBE*J}y9","(915) 3820750","Prime"
705650,"Karna","Dugdale","kdugdalem9@ask.com","fU7?.)M2a8`","(402) 7099749","Prime"
705756,"Isabelita","Attwell","iattwellor@foxnews.com","gX9`O51_","(612) 8235234","Prime"
705761,"Skylar","Lauks","slauksrc@bluehost.com","zV2~IA1x0!M","(661) 4359233","Prime"
705819,"Osbourn","Gilphillan","ogilphillan7m@gravatar.com","nT9_ezb>E)|","(419) 1859938","Prime"
705964,"Randi","Nowaczyk","rnowaczykf9@home.pl","qH9+v7T*skb","(202) 4981596","Not Prime"
706056,"Mata","Matteoni","mmatteonikp@alibaba.com","tH2>\PX$`F$","(702) 5017232","Not Prime"
706373,"Birgitta","Twigger","btwigger2l@over-blog.com","aL1.gj|zS%@g}","(216) 8682894","Prime"
707453,"Jehanna","Bunney","jbunneyow@state.tx.us","tX5\IweK6r3(9\X","(512) 1685412","Prime"
709984,"Urson","Palfery","upalferyq0@slate.com","cM0&h""xa","(517) 1525424","Not Prime"
710604,"Percival","Harrald","pharraldje@woothemes.com","iB0~/=?8QJ.00","(508) 3756867","Prime"
712540,"Friederike","Howley","fhowleyod@uol.com.br","cC1%IN}7","(918) 8183830","Prime"
712746,"Devland","Darley","ddarleyrd@clickbank.net","tY6`OA5n=Pj>3LHY","(661) 4298458","Prime"
712917,"Torr","Peele","tpeeleli@huffingtonpost.com","eY1<BC7}1/cZpk!T","(513) 9012241","Prime"
713161,"Eduardo","Heel","eheel96@netscape.com","jJ5.FyN8*D7'c","(314) 4131166","Prime"
713861,"Tarrah","Riseley","triseleyec@princeton.edu","zX5'KTgM$>fKz.E","(312) 5029960","Prime"
714028,"Donella","MacIllrick","dmacillrickbr@buzzfeed.com","oB3,Dh|uV,nc0(","(312) 5253979","Prime"
714151,"Edmon","Lapenna","elapennajn@etsy.com","jX2!y4u>?A<D!CE","(805) 9335249","Not Prime"
717625,"Herve","Ricciardi","hricciardiar@blogtalkradio.com","hF2&THvAeQ","(561) 2714010","Prime"
717788,"Nevile","Farrear","nfarrear5j@walmart.com","xV9.<l\vq","(206) 9495694","Prime"
719365,"Nikos","Logsdail","nlogsdail8h@aol.com","bW8@k0UV","(714) 2682324","Not Prime"
720951,"Solomon","Pickless","spicklessjw@twitter.com","qP7""u|uF<401ir3","(814) 9072761","Not Prime"
721066,"Angelina","Peasgood","apeasgoodo0@tmall.com","rO8#7JhbbE'","(804) 6122037","Prime"
721334,"Marley","Simmonett","msimmonett6j@bravesites.com","gJ1%TY<K","(512) 4525984","Not Prime"
723115,"Marcelo","Sedgefield","msedgefieldro@howstuffworks.com","mB8}'}IOCQa4Y","(816) 9800143","Prime"
723791,"Fredra","Cavanaugh","fcavanaughga@howstuffworks.com","kY6}f.'G","(404) 6246854","Prime"
723927,"Mela","Meekins","mmeekinshz@xrea.com","yR9.I%ge<","(402) 2251780","Not Prime"
724496,"Genovera","Whisby","gwhisbyqg@opera.com","iA9#eb.U@J!X","(318) 1518958","Prime"
724602,"Wernher","Boote","wbootemh@tinyurl.com","iC0@YRat'X(eF","(417) 1375053","Not Prime"
724963,"Kit","Scothorn","kscothorn3j@state.gov","yG9{xVZH&pxwe(3@","(520) 5847914","Prime"
726870,"Abbe","Egar","aegar3b@rambler.ru","kA7)hA%Y#pM!3E","(717) 3568302","Prime"
729000,"Serena","Kulas","skulaspk@omniture.com","xB3`52=7cA(`Fu$","(772) 6668053","Not Prime"
729575,"Tina","Mottley","tmottleykm@posterous.com","eY1`kKu|","(606) 5517459","Not Prime"
730486,"Odilia","Heibel","oheibelc4@github.com","uQ9/Ma5_Fda5Z\","(339) 7494587","Prime"
730489,"Netti","Ions","nionsot@wikispaces.com","rB5@9M.y4&?@5t","(718) 2533628","Not Prime"
731228,"Ced","Poag","cpoag49@hao123.com","mU0,Fq<i`=OBh{8","(409) 6128677","Prime"
731589,"Christoffer","Edridge","cedridgee6@biglobe.ne.jp","eG4|Nc8SCpJ8!","(314) 3082365","Prime"
732316,"Udale","Holburn","uholburngf@intel.com","jX5+~E14,pY","(919) 8949546","Prime"
732807,"Denna","Pury","dpuryab@irs.gov","cS5,""2TWy7!%","(202) 3745173","Not Prime"
735768,"Fletch","Christensen","fchristensenq2@elpais.com","jQ1})SM{tn","(951) 8702656","Prime"
735931,"Bunni","Almak","balmak54@privacy.gov.au","fT0+muxm{1vl","(212) 3103660","Not Prime"
735950,"Shawn","Goodwill","sgoodwillh@wikispaces.com","gI9!$r}<UpK","(586) 5892373","Prime"
